{"cameraMode":{"drawMode":0,"name":"Shaded","section":"Shading Mode"},"sceneLighting":true,"audioPlay":false,"sceneViewState":{"showFog":true,"showMaterialUpdate":true,"showSkybox":true,"showFlares":true,"showImageEffects":true,"showParticleSystems":true},"in2DMode":false,"pivot":{"x":0.0,"y":1.2600021362304688,"z":-0.000005694934770872351},"rotation":{"x":0.7071060538291931,"y":0.0010606598807498813,"z":-0.0010606598807498813,"w":0.7071060538291931},"size":63.80612564086914,"orthographic":false}