{"cameraMode":{"drawMode":0,"name":"Shaded","section":"Shading Mode"},"sceneLighting":true,"audioPlay":false,"sceneViewState":{"showFog":true,"showMaterialUpdate":true,"showSkybox":true,"showFlares":true,"showImageEffects":true,"showParticleSystems":true},"in2DMode":false,"pivot":{"x":-1.1822738647460938,"y":3.299999952316284,"z":-0.5901145935058594},"rotation":{"x":0.10383313149213791,"y":-0.3777853846549988,"z":0.042681317776441577,"w":0.919063925743103},"size":6.028665542602539,"orthographic":true}