{"cameraMode":{"drawMode":0,"name":"Shaded","section":"Shading Mode"},"sceneLighting":true,"audioPlay":false,"sceneViewState":{"showFog":true,"showMaterialUpdate":true,"showSkybox":true,"showFlares":true,"showImageEffects":true,"showParticleSystems":true},"in2DMode":false,"pivot":{"x":-1.1822742223739625,"y":1.349496841430664,"z":-0.5901160836219788},"rotation":{"x":0.05389072373509407,"y":-0.055390555411577228,"z":0.0029941110406070949,"w":0.9970056414604187},"size":5.556962966918945,"orthographic":true}