{"cameraMode":{"drawMode":0,"name":"Shaded","section":"Shading Mode"},"sceneLighting":true,"audioPlay":false,"sceneViewState":{"showFog":true,"showMaterialUpdate":false,"showSkybox":true,"showFlares":true,"showImageEffects":true,"showParticleSystems":true},"in2DMode":false,"pivot":{"x":-0.943183422088623,"y":1.2707757949829102,"z":0.2252340316772461},"rotation":{"x":-0.2056369185447693,"y":0.12351686507463455,"z":-0.02617294155061245,"w":-0.9704508185386658},"size":6.474471092224121,"orthographic":false}